Demographic,Borough,Cohort,Total Cohort,Total Grads - n,Total Grads - % of cohort,Total Regents - n,Total Regents - % of cohort,Total Regents - % of grads,Advanced Regents - n,Advanced Regents - % of cohort,Advanced Regents - % of grads,Regents w/o Advanced - n,Regents w/o Advanced - % of cohort,Regents w/o Advanced - % of grads,Local - n,Local - % of cohort,Local - % of grads,Still Enrolled - n,Still Enrolled - % of cohort,Dropped Out - n,Dropped Out - % of cohort
Borough Total,Bronx,2001,11453,4913,42.90%,2644,23.10%,53.80%,998,8.70%,20.30%,1646,14.40%,33.50%,2271,19.80%,46.20%,3512,30.70%,2438,21.30%
Borough Total,Bronx,2002,12032,5328,44.30%,3118,25.90%,58.50%,992,8.20%,18.60%,2126,17.70%,39.90%,2217,18.40%,41.60%,4047,33.60%,2140,17.80%
Borough Total,Bronx,2003,13632,6389,46.90%,3861,28.30%,60.40%,1255,9.20%,19.60%,2606,19.10%,40.80%,2528,18.50%,39.60%,4258,31.20%,2472,18.10%
Borough Total,Bronx,2004,14364,7448,51.90%,4625,32.20%,62.10%,1395,9.70%,18.70%,3230,22.50%,43.40%,2823,19.70%,37.90%,4169,29%,2303,16%
Borough Total,Bronx,2005,15175,8229,54.20%,5618,37%,68.30%,1544,10.20%,18.80%,4074,26.80%,49.50%,2611,17.20%,31.70%,3943,26%,2147,14.10%
Borough Total,Bronx,2006,15579,8524,54.70%,6312,40.50%,74%,1558,10%,18.30%,4754,30.50%,55.80%,2212,14.20%,26%,3824,24.50%,2402,15.40%
Borough Total,Bronx,Aug-06,15579,9215,59.20%,6605,42.40%,71.70%,1572,10.10%,17.10%,5033,32.30%,54.60%,2610,16.80%,28.30%,3160,20.30%,2375,15.20%
Borough Total,Brooklyn,2001,19961,9758,48.90%,6177,30.90%,63.30%,2829,14.20%,29%,3348,16.80%,34.30%,3591,18%,36.80%,6101,30.60%,3547,17.80%
Borough Total,Brooklyn,2002,20808,10337,49.70%,7050,33.90%,68.20%,2865,13.80%,27.70%,4185,20.10%,40.50%,3298,15.80%,31.90%,6368,30.60%,3369,16.20%
Borough Total,Brooklyn,2003,21334,11064,51.90%,7711,36.10%,69.70%,3239,15.20%,29.30%,4472,21%,40.40%,3353,15.70%,30.30%,6571,30.80%,3198,15%
Borough Total,Brooklyn,2004,22353,12303,55%,8872,39.70%,72.10%,3741,16.70%,30.40%,5131,23%,41.70%,3431,15.30%,27.90%,6487,29%,2973,13.30%
Borough Total,Brooklyn,2005,22331,12603,56.40%,9488,42.50%,75.30%,3618,16.20%,28.70%,5870,26.30%,46.60%,3115,13.90%,24.70%,6320,28.30%,2578,11.50%
Borough Total,Brooklyn,2006,22177,13040,58.80%,10440,47.10%,80.10%,3717,16.80%,28.50%,6723,30.30%,51.60%,2600,11.70%,19.90%,5636,25.40%,2731,12.30%
Borough Total,Brooklyn,Aug-06,22177,14043,63.30%,10945,49.40%,77.90%,3763,17%,26.80%,7182,32.40%,51.10%,3098,14%,22.10%,4648,21%,2716,12.20%
Borough Total,Manhattan,2001,12670,7480,59%,4963,39.20%,66.40%,1851,14.60%,24.70%,3112,24.60%,41.60%,2519,19.90%,33.70%,2829,22.30%,1962,15.50%
Borough Total,Manhattan,2002,13463,7746,57.50%,5497,40.80%,71%,1872,13.90%,24.20%,3625,26.90%,46.80%,2259,16.80%,29.20%,3561,26.50%,1743,12.90%
Borough Total,Manhattan,2003,13879,7613,54.90%,5499,39.60%,72.20%,2527,18.20%,33.20%,2972,21.40%,39%,2114,15.20%,27.80%,4240,30.50%,1729,12.50%
Borough Total,Manhattan,2004,15127,8780,58%,6449,42.60%,73.50%,2811,18.60%,32%,3638,24%,41.40%,2331,15.40%,26.50%,4243,28%,1842,12.20%
Borough Total,Manhattan,2005,15843,9816,62%,7623,48.10%,77.70%,2673,16.90%,27.20%,4950,31.20%,50.40%,2192,13.80%,22.30%,3874,24.50%,1597,10.10%
Borough Total,Manhattan,2006,16416,10411,63.40%,8715,53.10%,83.70%,2781,16.90%,26.70%,5934,36.10%,57%,1696,10.30%,16.30%,3719,22.70%,1684,10.30%
Borough Total,Manhattan,Aug-06,16416,10947,66.70%,8993,54.80%,82.20%,2791,17%,25.50%,6202,37.80%,56.70%,1954,11.90%,17.80%,3194,19.50%,1674,10.20%
Borough Total,Queens,2001,17011,9180,54%,6452,37.90%,70.30%,2694,15.80%,29.30%,3758,22.10%,40.90%,2738,16.10%,29.80%,4679,27.50%,2696,15.80%
Borough Total,Queens,2002,18262,9869,54%,7250,39.70%,73.50%,2837,15.50%,28.70%,4413,24.20%,44.70%,2624,14.40%,26.60%,4961,27.20%,2816,15.40%
Borough Total,Queens,2003,18415,10455,56.80%,7917,43%,75.70%,3395,18.40%,32.50%,4522,24.60%,43.30%,2538,13.80%,24.30%,4869,26.40%,2718,14.80%
Borough Total,Queens,2004,18725,10922,58.30%,8450,45.10%,77.40%,3604,19.20%,33%,4846,25.90%,44.40%,2472,13.20%,22.60%,5001,26.70%,2505,13.40%
Borough Total,Queens,2005,19511,11863,60.80%,9290,47.60%,78.30%,3618,18.50%,30.50%,5672,29.10%,47.80%,2573,13.20%,21.70%,4435,22.70%,2435,12.50%
Borough Total,Queens,2006,19558,12465,63.70%,10285,52.60%,82.50%,3637,18.60%,29.20%,6648,34%,53.30%,2180,11.10%,17.50%,4272,21.80%,2256,11.50%
Borough Total,Queens,Aug-06,19558,13378,68.40%,10752,55%,80.40%,3681,18.80%,27.50%,7071,36.20%,52.90%,2626,13.40%,19.60%,3363,17.20%,2252,11.50%
Borough Total,Staten Island,2001,3872,2565,66.20%,1901,49.10%,74.10%,876,22.60%,34.20%,1025,26.50%,40%,665,17.20%,25.90%,786,20.30%,417,10.80%
Borough Total,Staten Island,2002,4134,2721,65.80%,2040,49.30%,75%,861,20.80%,31.60%,1179,28.50%,43.30%,683,16.50%,25.10%,844,20.40%,426,10.30%
Borough Total,Staten Island,2003,4218,2812,66.70%,2169,51.40%,77.10%,883,20.90%,31.40%,1286,30.50%,45.70%,643,15.20%,22.90%,919,21.80%,374,8.90%
Borough Total,Staten Island,2004,4142,2788,67.30%,2220,53.60%,79.60%,1029,24.80%,36.90%,1191,28.80%,42.70%,568,13.70%,20.40%,844,20.40%,381,9.20%
Borough Total,Staten Island,2005,4460,3098,69.50%,2467,55.30%,79.60%,1059,23.70%,34.20%,1408,31.60%,45.40%,631,14.10%,20.40%,758,17%,362,8.10%
Borough Total,Staten Island,2006,4603,3346,72.70%,2818,61.20%,84.20%,1192,25.90%,35.60%,1626,35.30%,48.60%,528,11.50%,15.80%,683,14.80%,414,9%
Borough Total,Staten Island,Aug-06,4603,3423,74.40%,2856,62%,83.40%,1194,25.90%,34.90%,1662,36.10%,48.60%,567,12.30%,16.60%,607,13.20%,413,9%
English Language Learners,Bronx,2001,1984,388,19.60%,78,3.90%,20.10%,10,0.50%,2.60%,68,3.40%,17.50%,311,15.70%,80.20%,799,40.30%,592,29.80%
English Language Learners,Bronx,2002,1693,333,19.70%,77,4.50%,23.10%,7,0.40%,2.10%,70,4.10%,21%,257,15.20%,77.20%,725,42.80%,509,30.10%
English Language Learners,Bronx,2003,1905,391,20.50%,95,5%,24.30%,12,0.60%,3.10%,83,4.40%,21.20%,296,15.50%,75.70%,790,41.50%,586,30.80%
English Language Learners,Bronx,2004,1894,640,33.80%,214,11.30%,33.40%,27,1.40%,4.20%,187,9.90%,29.20%,426,22.50%,66.60%,711,37.50%,437,23.10%
English Language Learners,Bronx,2005,1940,694,35.80%,317,16.30%,45.70%,53,2.70%,7.60%,264,13.60%,38%,377,19.40%,54.30%,685,35.30%,357,18.40%
English Language Learners,Bronx,2006,2143,791,36.90%,396,18.50%,50.10%,30,1.40%,3.80%,366,17.10%,46.30%,395,18.40%,49.90%,722,33.70%,429,20%
English Language Learners,Bronx,Aug-06,2143,899,42%,422,19.70%,46.90%,31,1.40%,3.40%,391,18.20%,43.50%,477,22.30%,53.10%,619,28.90%,424,19.80%
English Language Learners,Brooklyn,2001,2543,691,27.20%,268,10.50%,38.80%,116,4.60%,16.80%,152,6%,22%,424,16.70%,61.40%,1070,42.10%,658,25.90%
English Language Learners,Brooklyn,2002,1902,428,22.50%,145,7.60%,33.90%,46,2.40%,10.70%,99,5.20%,23.10%,287,15.10%,67.10%,765,40.20%,622,32.70%
English Language Learners,Brooklyn,2003,1899,448,23.60%,217,11.40%,48.40%,82,4.30%,18.30%,135,7.10%,30.10%,231,12.20%,51.60%,849,44.70%,542,28.50%
English Language Learners,Brooklyn,2004,2055,730,35.50%,381,18.50%,52.20%,142,6.90%,19.50%,239,11.60%,32.70%,349,17%,47.80%,799,38.90%,447,21.80%
English Language Learners,Brooklyn,2005,2220,864,38.90%,474,21.40%,54.90%,177,8%,20.50%,297,13.40%,34.40%,390,17.60%,45.10%,851,38.30%,409,18.40%
English Language Learners,Brooklyn,2006,2181,905,41.50%,641,29.40%,70.80%,186,8.50%,20.60%,455,20.90%,50.30%,264,12.10%,29.20%,764,35%,433,19.90%
English Language Learners,Brooklyn,Aug-06,2181,988,45.30%,674,30.90%,68.20%,188,8.60%,19%,486,22.30%,49.20%,314,14.40%,31.80%,681,31.20%,433,19.90%
English Language Learners,Manhattan,2001,1956,691,35.30%,237,12.10%,34.30%,49,2.50%,7.10%,188,9.60%,27.20%,454,23.20%,65.70%,592,30.30%,527,26.90%
English Language Learners,Manhattan,2002,1397,331,23.70%,133,9.50%,40.20%,17,1.20%,5.10%,116,8.30%,35%,202,14.50%,61%,610,43.70%,392,28.10%
English Language Learners,Manhattan,2003,1761,489,27.80%,195,11.10%,39.90%,51,2.90%,10.40%,144,8.20%,29.40%,294,16.70%,60.10%,751,42.60%,453,25.70%
English Language Learners,Manhattan,2004,1854,698,37.60%,344,18.60%,49.30%,124,6.70%,17.80%,220,11.90%,31.50%,354,19.10%,50.70%,737,39.80%,351,18.90%
English Language Learners,Manhattan,2005,1909,815,42.70%,462,24.20%,56.70%,148,7.80%,18.20%,314,16.40%,38.50%,352,18.40%,43.20%,637,33.40%,365,19.10%
English Language Learners,Manhattan,2006,1977,817,41.30%,563,28.50%,68.90%,169,8.50%,20.70%,394,19.90%,48.20%,254,12.80%,31.10%,643,32.50%,411,20.80%
English Language Learners,Manhattan,Aug-06,1977,881,44.60%,576,29.10%,65.40%,169,8.50%,19.20%,407,20.60%,46.20%,305,15.40%,34.60%,580,29.30%,410,20.70%
English Language Learners,Queens,2001,2689,873,32.50%,362,13.50%,41.50%,136,5.10%,15.60%,226,8.40%,25.90%,512,19%,58.60%,1023,38%,673,25%
English Language Learners,Queens,2002,1963,476,24.20%,223,11.40%,46.80%,58,3%,12.20%,165,8.40%,34.70%,254,12.90%,53.40%,789,40.20%,614,31.30%
English Language Learners,Queens,2003,2127,579,27.20%,314,14.80%,54.20%,112,5.30%,19.30%,202,9.50%,34.90%,265,12.50%,45.80%,857,40.30%,621,29.20%
English Language Learners,Queens,2004,2456,919,37.40%,537,21.90%,58.40%,183,7.50%,19.90%,354,14.40%,38.50%,382,15.60%,41.60%,957,39%,523,21.30%
English Language Learners,Queens,2005,2508,1049,41.80%,630,25.10%,60.10%,202,8.10%,19.30%,428,17.10%,40.80%,419,16.70%,39.90%,827,33%,516,20.60%
English Language Learners,Queens,2006,2598,1168,45%,793,30.50%,67.90%,195,7.50%,16.70%,598,23%,51.20%,375,14.40%,32.10%,832,32%,497,19.10%
English Language Learners,Queens,Aug-06,2598,1328,51.10%,856,32.90%,64.50%,207,8%,15.60%,649,25%,48.90%,472,18.20%,35.50%,672,25.90%,497,19.10%
English Language Learners,Staten Island,2001,171,42,24.60%,16,9.40%,38.10%,4,2.30%,9.50%,12,7%,28.60%,26,15.20%,61.90%,78,45.60%,38,22.20%
English Language Learners,Staten Island,2002,153,41,26.80%,17,11.10%,41.50%,4,2.60%,9.80%,13,8.50%,31.70%,24,15.70%,58.50%,64,41.80%,39,25.50%
English Language Learners,Staten Island,2003,201,74,36.80%,46,22.90%,62.20%,5,2.50%,6.80%,41,20.40%,55.40%,28,13.90%,37.80%,73,36.30%,36,17.90%
English Language Learners,Staten Island,2004,153,36,23.50%,15,9.80%,41.70%,2,1.30%,5.60%,13,8.50%,36.10%,21,13.70%,58.30%,70,45.80%,38,24.80%
English Language Learners,Staten Island,2005,187,59,31.60%,25,13.40%,42.40%,3,1.60%,5.10%,22,11.80%,37.30%,34,18.20%,57.60%,59,31.60%,41,21.90%
English Language Learners,Staten Island,2006,153,74,48.40%,44,28.80%,59.50%,13,8.50%,17.60%,31,20.30%,41.90%,30,19.60%,40.50%,40,26.10%,24,15.70%
English Language Learners,Staten Island,Aug-06,153,79,51.60%,45,29.40%,57%,13,8.50%,16.50%,32,20.90%,40.50%,34,22.20%,43%,35,22.90%,24,15.70%
English Proficient Students,Bronx,2001,9469,4525,47.80%,2566,27.10%,56.70%,988,10.40%,21.80%,1578,16.70%,34.90%,1960,20.70%,43.30%,2713,28.70%,1846,19.50%
English Proficient Students,Bronx,2002,10339,4995,48.30%,3041,29.40%,60.90%,985,9.50%,19.70%,2056,19.90%,41.20%,1960,19%,39.20%,3322,32.10%,1631,15.80%
English Proficient Students,Bronx,2003,11727,5998,51.10%,3766,32.10%,62.80%,1243,10.60%,20.70%,2523,21.50%,42.10%,2232,19%,37.20%,3468,29.60%,1886,16.10%
English Proficient Students,Bronx,2004,12470,6808,54.60%,4411,35.40%,64.80%,1368,11%,20.10%,3043,24.40%,44.70%,2397,19.20%,35.20%,3458,27.70%,1866,15%
English Proficient Students,Bronx,2005,13235,7535,56.90%,5301,40.10%,70.40%,1491,11.30%,19.80%,3810,28.80%,50.60%,2234,16.90%,29.60%,3258,24.60%,1790,13.50%
English Proficient Students,Bronx,2006,13436,7733,57.60%,5916,44%,76.50%,1528,11.40%,19.80%,4388,32.70%,56.70%,1817,13.50%,23.50%,3102,23.10%,1973,14.70%
English Proficient Students,Bronx,Aug-06,13436,8316,61.90%,6183,46%,74.40%,1541,11.50%,18.50%,4642,34.50%,55.80%,2133,15.90%,25.60%,2541,18.90%,1951,14.50%
English Proficient Students,Brooklyn,2001,17418,9067,52.10%,5909,33.90%,65.20%,2713,15.60%,29.90%,3196,18.30%,35.20%,3167,18.20%,34.90%,5031,28.90%,2889,16.60%
English Proficient Students,Brooklyn,2002,18906,9909,52.40%,6905,36.50%,69.70%,2819,14.90%,28.40%,4086,21.60%,41.20%,3011,15.90%,30.40%,5603,29.60%,2747,14.50%
English Proficient Students,Brooklyn,2003,19435,10616,54.60%,7494,38.60%,70.60%,3157,16.20%,29.70%,4337,22.30%,40.90%,3122,16.10%,29.40%,5722,29.40%,2656,13.70%
English Proficient Students,Brooklyn,2004,20298,11573,57%,8491,41.80%,73.40%,3599,17.70%,31.10%,4892,24.10%,42.30%,3082,15.20%,26.60%,5688,28%,2526,12.40%
English Proficient Students,Brooklyn,2005,20111,11739,58.40%,9014,44.80%,76.80%,3441,17.10%,29.30%,5573,27.70%,47.50%,2725,13.50%,23.20%,5469,27.20%,2169,10.80%
English Proficient Students,Brooklyn,2006,19996,12135,60.70%,9799,49%,80.70%,3531,17.70%,29.10%,6268,31.30%,51.70%,2336,11.70%,19.30%,4872,24.40%,2298,11.50%
English Proficient Students,Brooklyn,Aug-06,19996,13055,65.30%,10271,51.40%,78.70%,3575,17.90%,27.40%,6696,33.50%,51.30%,2784,13.90%,21.30%,3967,19.80%,2283,11.40%
English Proficient Students,Manhattan,2001,10714,6789,63.40%,4726,44.10%,69.60%,1802,16.80%,26.50%,2924,27.30%,43.10%,2065,19.30%,30.40%,2237,20.90%,1435,13.40%
English Proficient Students,Manhattan,2002,12066,7415,61.50%,5364,44.50%,72.30%,1855,15.40%,25%,3509,29.10%,47.30%,2057,17%,27.70%,2951,24.50%,1351,11.20%
English Proficient Students,Manhattan,2003,12118,7124,58.80%,5304,43.80%,74.50%,2476,20.40%,34.80%,2828,23.30%,39.70%,1820,15%,25.50%,3489,28.80%,1276,10.50%
English Proficient Students,Manhattan,2004,13273,8082,60.90%,6105,46%,75.50%,2687,20.20%,33.20%,3418,25.80%,42.30%,1977,14.90%,24.50%,3506,26.40%,1491,11.20%
English Proficient Students,Manhattan,2005,13934,9001,64.60%,7161,51.40%,79.60%,2525,18.10%,28.10%,4636,33.30%,51.50%,1840,13.20%,20.40%,3237,23.20%,1232,8.80%
English Proficient Students,Manhattan,2006,14439,9594,66.40%,8152,56.50%,85%,2612,18.10%,27.20%,5540,38.40%,57.70%,1442,10%,15%,3076,21.30%,1273,8.80%
English Proficient Students,Manhattan,Aug-06,14439,10066,69.70%,8417,58.30%,83.60%,2622,18.20%,26%,5795,40.10%,57.60%,1649,11.40%,16.40%,2614,18.10%,1264,8.80%
English Proficient Students,Queens,2001,14322,8307,58%,6090,42.50%,73.30%,2558,17.90%,30.80%,3532,24.70%,42.50%,2226,15.50%,26.80%,3656,25.50%,2023,14.10%
English Proficient Students,Queens,2002,16299,9393,57.60%,7027,43.10%,74.80%,2779,17.10%,29.60%,4248,26.10%,45.20%,2370,14.50%,25.20%,4172,25.60%,2202,13.50%
English Proficient Students,Queens,2003,16288,9876,60.60%,7603,46.70%,77%,3283,20.20%,33.20%,4320,26.50%,43.70%,2273,14%,23%,4012,24.60%,2097,12.90%
English Proficient Students,Queens,2004,16269,10003,61.50%,7913,48.60%,79.10%,3421,21%,34.20%,4492,27.60%,44.90%,2090,12.80%,20.90%,4044,24.90%,1982,12.20%
English Proficient Students,Queens,2005,17003,10814,63.60%,8660,50.90%,80.10%,3416,20.10%,31.60%,5244,30.80%,48.50%,2154,12.70%,19.90%,3608,21.20%,1919,11.30%
English Proficient Students,Queens,2006,16960,11297,66.60%,9492,56%,84%,3442,20.30%,30.50%,6050,35.70%,53.60%,1805,10.60%,16%,3440,20.30%,1759,10.40%
English Proficient Students,Queens,Aug-06,16960,12050,71%,9896,58.30%,82.10%,3474,20.50%,28.80%,6422,37.90%,53.30%,2154,12.70%,17.90%,2691,15.90%,1755,10.30%
English Proficient Students,Staten Island,2001,3701,2523,68.20%,1885,50.90%,74.70%,872,23.60%,34.60%,1013,27.40%,40.20%,639,17.30%,25.30%,708,19.10%,379,10.20%
English Proficient Students,Staten Island,2002,3981,2680,67.30%,2023,50.80%,75.50%,857,21.50%,32%,1166,29.30%,43.50%,659,16.60%,24.60%,780,19.60%,387,9.70%
English Proficient Students,Staten Island,2003,4017,2738,68.20%,2123,52.90%,77.50%,878,21.90%,32.10%,1245,31%,45.50%,615,15.30%,22.50%,846,21.10%,338,8.40%
English Proficient Students,Staten Island,2004,3989,2752,69%,2205,55.30%,80.10%,1027,25.70%,37.30%,1178,29.50%,42.80%,547,13.70%,19.90%,774,19.40%,343,8.60%
English Proficient Students,Staten Island,2005,4273,3039,71.10%,2442,57.10%,80.40%,1056,24.70%,34.70%,1386,32.40%,45.60%,597,14%,19.60%,699,16.40%,321,7.50%
English Proficient Students,Staten Island,2006,4450,3272,73.50%,2774,62.30%,84.80%,1179,26.50%,36%,1595,35.80%,48.70%,498,11.20%,15.20%,643,14.40%,390,8.80%
English Proficient Students,Staten Island,Aug-06,4450,3344,75.10%,2811,63.20%,84.10%,1181,26.50%,35.30%,1630,36.60%,48.70%,533,12%,15.90%,572,12.90%,389,8.70%
Special Education,Bronx,2001,2259,309,13.70%,40,1.80%,12.90%,6,0.30%,1.90%,34,1.50%,11%,271,12%,87.70%,561,24.80%,866,38.30%
Special Education,Bronx,2002,1594,255,16%,41,2.60%,16.10%,1,0.10%,0.40%,40,2.50%,15.70%,214,13.40%,83.90%,580,36.40%,489,30.70%
Special Education,Bronx,2003,2273,362,15.90%,60,2.60%,16.60%,8,0.40%,2.20%,52,2.30%,14.40%,302,13.30%,83.40%,1022,45%,593,26.10%
Special Education,Bronx,2004,2388,518,21.70%,127,5.30%,24.50%,15,0.60%,2.90%,112,4.70%,21.60%,391,16.40%,75.50%,947,39.70%,553,23.20%
Special Education,Bronx,2005,2665,585,22%,200,7.50%,34.20%,16,0.60%,2.70%,184,6.90%,31.50%,385,14.40%,65.80%,1017,38.20%,588,22.10%
Special Education,Bronx,2006,2889,741,25.60%,261,9%,35.20%,17,0.60%,2.30%,244,8.40%,32.90%,480,16.60%,64.80%,988,34.20%,655,22.70%
Special Education,Bronx,Aug-06,2889,818,28.30%,272,9.40%,33.30%,17,0.60%,2.10%,255,8.80%,31.20%,546,18.90%,66.70%,914,31.60%,652,22.60%
Special Education,Brooklyn,2001,2702,402,14.90%,69,2.60%,17.20%,11,0.40%,2.70%,58,2.10%,14.40%,339,12.50%,84.30%,869,32.20%,947,35%
Special Education,Brooklyn,2002,2169,325,15%,79,3.60%,24.30%,13,0.60%,4%,66,3%,20.30%,246,11.30%,75.70%,918,42.30%,584,26.90%
Special Education,Brooklyn,2003,2796,469,16.80%,118,4.20%,25.20%,30,1.10%,6.40%,88,3.10%,18.80%,351,12.60%,74.80%,1417,50.70%,650,23.20%
Special Education,Brooklyn,2004,3066,603,19.70%,185,6%,30.70%,35,1.10%,5.80%,150,4.90%,24.90%,418,13.60%,69.30%,1323,43.20%,649,21.20%
Special Education,Brooklyn,2005,3021,649,21.50%,217,7.20%,33.40%,41,1.40%,6.30%,176,5.80%,27.10%,432,14.30%,66.60%,1254,41.50%,649,21.50%
Special Education,Brooklyn,2006,3183,789,24.80%,310,9.70%,39.30%,43,1.40%,5.40%,267,8.40%,33.80%,479,15%,60.70%,1289,40.50%,666,20.90%
Special Education,Brooklyn,Aug-06,3183,893,28.10%,329,10.30%,36.80%,46,1.40%,5.20%,283,8.90%,31.70%,564,17.70%,63.20%,1188,37.30%,663,20.80%
Special Education,Manhattan,2001,1586,292,18.40%,58,3.70%,19.90%,5,0.30%,1.70%,53,3.30%,18.20%,235,14.80%,80.50%,407,25.70%,553,34.90%
Special Education,Manhattan,2002,1159,234,20.20%,76,6.60%,32.50%,10,0.90%,4.30%,66,5.70%,28.20%,158,13.60%,67.50%,471,40.60%,303,26.10%
Special Education,Manhattan,2003,1503,281,18.70%,90,6%,32%,18,1.20%,6.40%,72,4.80%,25.60%,191,12.70%,68%,728,48.40%,333,22.20%
Special Education,Manhattan,2004,1847,454,24.60%,163,8.80%,35.90%,21,1.10%,4.60%,142,7.70%,31.30%,291,15.80%,64.10%,758,41%,418,22.60%
Special Education,Manhattan,2005,1916,514,26.80%,202,10.50%,39.30%,20,1%,3.90%,182,9.50%,35.40%,312,16.30%,60.70%,754,39.40%,382,19.90%
Special Education,Manhattan,2006,2170,686,31.60%,327,15.10%,47.70%,26,1.20%,3.80%,301,13.90%,43.90%,359,16.50%,52.30%,774,35.70%,424,19.50%
Special Education,Manhattan,Aug-06,2170,722,33.30%,335,15.40%,46.40%,26,1.20%,3.60%,309,14.20%,42.80%,387,17.80%,53.60%,738,34%,424,19.50%
Special Education,Queens,2001,1999,419,21%,63,3.20%,15%,14,0.70%,3.30%,49,2.50%,11.70%,359,18%,85.70%,559,28%,643,32.20%
Special Education,Queens,2002,1366,294,21.50%,75,5.50%,25.50%,8,0.60%,2.70%,67,4.90%,22.80%,219,16%,74.50%,500,36.60%,385,28.20%
Special Education,Queens,2003,1782,343,19.20%,72,4%,21%,8,0.40%,2.30%,64,3.60%,18.70%,271,15.20%,79%,900,50.50%,379,21.30%
Special Education,Queens,2004,2099,495,23.60%,171,8.10%,34.50%,28,1.30%,5.70%,143,6.80%,28.90%,324,15.40%,65.50%,908,43.30%,442,21.10%
Special Education,Queens,2005,2366,629,26.60%,232,9.80%,36.90%,21,0.90%,3.30%,211,8.90%,33.50%,397,16.80%,63.10%,930,39.30%,502,21.20%
Special Education,Queens,2006,2345,643,27.40%,259,11%,40.30%,29,1.20%,4.50%,230,9.80%,35.80%,384,16.40%,59.70%,952,40.60%,489,20.90%
Special Education,Queens,Aug-06,2345,736,31.40%,274,11.70%,37.20%,30,1.30%,4.10%,244,10.40%,33.20%,462,19.70%,62.80%,860,36.70%,488,20.80%
Special Education,Staten Island,2001,622,184,29.60%,26,4.20%,14.10%,2,0.30%,1.10%,24,3.90%,13%,158,25.40%,85.90%,184,29.60%,160,25.70%
Special Education,Staten Island,2002,475,158,33.30%,28,5.90%,17.70%,3,0.60%,1.90%,25,5.30%,15.80%,131,27.60%,82.90%,180,37.90%,91,19.20%
Special Education,Staten Island,2003,636,174,27.40%,52,8.20%,29.90%,8,1.30%,4.60%,44,6.90%,25.30%,122,19.20%,70.10%,308,48.40%,88,13.80%
Special Education,Staten Island,2004,712,216,30.30%,73,10.30%,33.80%,12,1.70%,5.60%,61,8.60%,28.20%,143,20.10%,66.20%,256,36%,118,16.60%
Special Education,Staten Island,2005,777,283,36.40%,107,13.80%,37.80%,15,1.90%,5.30%,92,11.80%,32.50%,176,22.70%,62.20%,256,32.90%,127,16.30%
Special Education,Staten Island,2006,778,308,39.60%,113,14.50%,36.70%,13,1.70%,4.20%,100,12.90%,32.50%,195,25.10%,63.30%,240,30.80%,141,18.10%
Special Education,Staten Island,Aug-06,778,321,41.30%,117,15%,36.40%,13,1.70%,4%,104,13.40%,32.40%,204,26.20%,63.60%,227,29.20%,141,18.10%
General Education,Bronx,2001,9194,4604,50.10%,2604,28.30%,56.60%,992,10.80%,21.50%,1612,17.50%,35%,2000,21.80%,43.40%,2951,32.10%,1572,17.10%
General Education,Bronx,2002,10438,5073,48.60%,3077,29.50%,60.70%,991,9.50%,19.50%,2086,20%,41.10%,2003,19.20%,39.50%,3467,33.20%,1651,15.80%
General Education,Bronx,2003,11359,6027,53.10%,3801,33.50%,63.10%,1247,11%,20.70%,2554,22.50%,42.40%,2226,19.60%,36.90%,3236,28.50%,1879,16.50%
General Education,Bronx,2004,11976,6930,57.90%,4498,37.60%,64.90%,1380,11.50%,19.90%,3118,26%,45%,2432,20.30%,35.10%,3222,26.90%,1750,14.60%
General Education,Bronx,2005,12510,7644,61.10%,5418,43.30%,70.90%,1528,12.20%,20%,3890,31.10%,50.90%,2226,17.80%,29.10%,2926,23.40%,1559,12.50%
General Education,Bronx,2006,12690,7783,61.30%,6051,47.70%,77.70%,1541,12.10%,19.80%,4510,35.50%,57.90%,1732,13.60%,22.30%,2836,22.30%,1747,13.80%
General Education,Bronx,Aug-06,12690,8397,66.20%,6333,49.90%,75.40%,1555,12.30%,18.50%,4778,37.70%,56.90%,2064,16.30%,24.60%,2246,17.70%,1723,13.60%
General Education,Brooklyn,2001,17259,9356,54.20%,6108,35.40%,65.30%,2818,16.30%,30.10%,3290,19.10%,35.20%,3252,18.80%,34.80%,5232,30.30%,2600,15.10%
General Education,Brooklyn,2002,18639,10012,53.70%,6971,37.40%,69.60%,2852,15.30%,28.50%,4119,22.10%,41.10%,3052,16.40%,30.50%,5450,29.20%,2785,14.90%
General Education,Brooklyn,2003,18538,10595,57.20%,7593,41%,71.70%,3209,17.30%,30.30%,4384,23.60%,41.40%,3002,16.20%,28.30%,5154,27.80%,2548,13.70%
General Education,Brooklyn,2004,19287,11700,60.70%,8687,45%,74.20%,3706,19.20%,31.70%,4981,25.80%,42.60%,3013,15.60%,25.80%,5164,26.80%,2324,12%
General Education,Brooklyn,2005,19310,11954,61.90%,9271,48%,77.60%,3577,18.50%,29.90%,5694,29.50%,47.60%,2683,13.90%,22.40%,5066,26.20%,1929,10%
General Education,Brooklyn,2006,18994,12251,64.50%,10130,53.30%,82.70%,3674,19.30%,30%,6456,34%,52.70%,2121,11.20%,17.30%,4347,22.90%,2065,10.90%
General Education,Brooklyn,Aug-06,18994,13150,69.20%,10616,55.90%,80.70%,3717,19.60%,28.30%,6899,36.30%,52.50%,2534,13.30%,19.30%,3460,18.20%,2053,10.80%
General Education,Manhattan,2001,11084,7188,64.90%,4905,44.30%,68.20%,1846,16.70%,25.70%,3059,27.60%,42.60%,2284,20.60%,31.80%,2422,21.90%,1409,12.70%
General Education,Manhattan,2002,12304,7512,61.10%,5421,44.10%,72.20%,1862,15.10%,24.80%,3559,28.90%,47.40%,2101,17.10%,28%,3090,25.10%,1440,11.70%
General Education,Manhattan,2003,12376,7332,59.20%,5409,43.70%,73.80%,2509,20.30%,34.20%,2900,23.40%,39.60%,1923,15.50%,26.20%,3512,28.40%,1396,11.30%
General Education,Manhattan,2004,13280,8326,62.70%,6286,47.30%,75.50%,2790,21%,33.50%,3496,26.30%,42%,2040,15.40%,24.50%,3485,26.20%,1424,10.70%
General Education,Manhattan,2005,13927,9302,66.80%,7421,53.30%,79.80%,2653,19%,28.50%,4768,34.20%,51.30%,1880,13.50%,20.20%,3120,22.40%,1215,8.70%
General Education,Manhattan,2006,14246,9725,68.30%,8388,58.90%,86.30%,2755,19.30%,28.30%,5633,39.50%,57.90%,1337,9.40%,13.70%,2945,20.70%,1260,8.80%
General Education,Manhattan,Aug-06,14246,10225,71.80%,8658,60.80%,84.70%,2765,19.40%,27%,5893,41.40%,57.60%,1567,11%,15.30%,2456,17.20%,1250,8.80%
General Education,Queens,2001,15012,8761,58.40%,6389,42.60%,72.90%,2680,17.90%,30.60%,3709,24.70%,42.30%,2379,15.80%,27.20%,4120,27.40%,2053,13.70%
General Education,Queens,2002,16896,9575,56.70%,7175,42.50%,74.90%,2829,16.70%,29.50%,4346,25.70%,45.40%,2405,14.20%,25.10%,4461,26.40%,2431,14.40%
General Education,Queens,2003,16633,10112,60.80%,7845,47.20%,77.60%,3387,20.40%,33.50%,4458,26.80%,44.10%,2267,13.60%,22.40%,3969,23.90%,2339,14.10%
General Education,Queens,2004,16626,10427,62.70%,8279,49.80%,79.40%,3576,21.50%,34.30%,4703,28.30%,45.10%,2148,12.90%,20.60%,4093,24.60%,2063,12.40%
General Education,Queens,2005,17145,11234,65.50%,9058,52.80%,80.60%,3597,21%,32%,5461,31.90%,48.60%,2176,12.70%,19.40%,3505,20.40%,1933,11.30%
General Education,Queens,2006,17213,11822,68.70%,10026,58.20%,84.80%,3608,21%,30.50%,6418,37.30%,54.30%,1796,10.40%,15.20%,3320,19.30%,1767,10.30%
General Education,Queens,Aug-06,17213,12642,73.40%,10478,60.90%,82.90%,3651,21.20%,28.90%,6827,39.70%,54%,2164,12.60%,17.10%,2503,14.50%,1764,10.20%
General Education,Staten Island,2001,3250,2381,73.30%,1875,57.70%,78.70%,874,26.90%,36.70%,1001,30.80%,42%,507,15.60%,21.30%,602,18.50%,257,7.90%
General Education,Staten Island,2002,3659,2563,70%,2012,55%,78.50%,858,23.40%,33.50%,1154,31.50%,45%,552,15.10%,21.50%,664,18.10%,335,9.20%
General Education,Staten Island,2003,3582,2638,73.60%,2117,59.10%,80.30%,875,24.40%,33.20%,1242,34.70%,47.10%,521,14.50%,19.70%,611,17.10%,286,8%
General Education,Staten Island,2004,3430,2572,75%,2147,62.60%,83.50%,1017,29.70%,39.50%,1130,32.90%,43.90%,425,12.40%,16.50%,588,17.10%,263,7.70%
General Education,Staten Island,2005,3683,2815,76.40%,2360,64.10%,83.80%,1044,28.30%,37.10%,1316,35.70%,46.70%,455,12.40%,16.20%,502,13.60%,235,6.40%
General Education,Staten Island,2006,3825,3038,79.40%,2705,70.70%,89%,1179,30.80%,38.80%,1526,39.90%,50.20%,333,8.70%,11%,443,11.60%,273,7.10%
General Education,Staten Island,Aug-06,3825,3102,81.10%,2739,71.60%,88.30%,1181,30.90%,38.10%,1558,40.70%,50.20%,363,9.50%,11.70%,380,9.90%,272,7.10%
Asian,Bronx,2001,638,479,75.10%,396,62.10%,82.70%,314,49.20%,65.60%,82,12.90%,17.10%,84,13.20%,17.50%,92,14.40%,60,9.40%
Asian,Bronx,2002,681,497,73%,451,66.20%,90.70%,350,51.40%,70.40%,101,14.80%,20.30%,46,6.80%,9.30%,132,19.40%,39,5.70%
Asian,Bronx,2003,672,552,82.10%,487,72.50%,88.20%,382,56.80%,69.20%,105,15.60%,19%,65,9.70%,11.80%,82,12.20%,35,5.20%
Asian,Bronx,2004,748,624,83.40%,560,74.90%,89.70%,421,56.30%,67.50%,139,18.60%,22.30%,64,8.60%,10.30%,98,13.10%,23,3.10%
Asian,Bronx,2005,753,657,87.30%,599,79.50%,91.20%,459,61%,69.90%,140,18.60%,21.30%,58,7.70%,8.80%,56,7.40%,28,3.70%
Asian,Bronx,2006,830,707,85.20%,666,80.20%,94.20%,491,59.20%,69.40%,175,21.10%,24.80%,41,4.90%,5.80%,78,9.40%,34,4.10%
Asian,Bronx,Aug-06,830,732,88.20%,678,81.70%,92.60%,496,59.80%,67.80%,182,21.90%,24.90%,54,6.50%,7.40%,55,6.60%,32,3.90%
Asian,Brooklyn,2001,2418,1543,63.80%,1305,54%,84.60%,930,38.50%,60.30%,375,15.50%,24.30%,239,9.90%,15.50%,554,22.90%,303,12.50%
Asian,Brooklyn,2002,2676,1765,66%,1557,58.20%,88.20%,1052,39.30%,59.60%,505,18.90%,28.60%,209,7.80%,11.80%,556,20.80%,327,12.20%
Asian,Brooklyn,2003,2688,1862,69.30%,1665,61.90%,89.40%,1114,41.40%,59.80%,551,20.50%,29.60%,197,7.30%,10.60%,537,20%,274,10.20%
Asian,Brooklyn,2004,2888,2097,72.60%,1901,65.80%,90.70%,1315,45.50%,62.70%,586,20.30%,27.90%,196,6.80%,9.30%,527,18.20%,249,8.60%
Asian,Brooklyn,2005,2954,2144,72.60%,1957,66.20%,91.30%,1303,44.10%,60.80%,654,22.10%,30.50%,187,6.30%,8.70%,561,19%,214,7.20%
Asian,Brooklyn,2006,2949,2296,77.90%,2176,73.80%,94.80%,1437,48.70%,62.60%,739,25.10%,32.20%,120,4.10%,5.20%,432,14.60%,190,6.40%
Asian,Brooklyn,Aug-06,2949,2413,81.80%,2265,76.80%,93.90%,1460,49.50%,60.50%,805,27.30%,33.40%,148,5%,6.10%,316,10.70%,189,6.40%
Asian,Manhattan,2001,1581,1265,80%,1038,65.70%,82.10%,622,39.30%,49.20%,416,26.30%,32.90%,227,14.40%,17.90%,210,13.30%,97,6.10%
Asian,Manhattan,2002,1748,1374,78.60%,1224,70%,89.10%,706,40.40%,51.40%,518,29.60%,37.70%,151,8.60%,11%,239,13.70%,90,5.10%
Asian,Manhattan,2003,1666,1296,77.80%,1168,70.10%,90.10%,875,52.50%,67.50%,293,17.60%,22.60%,128,7.70%,9.90%,279,16.70%,79,4.70%
Asian,Manhattan,2004,2057,1621,78.80%,1473,71.60%,90.90%,1063,51.70%,65.60%,410,19.90%,25.30%,148,7.20%,9.10%,332,16.10%,93,4.50%
Asian,Manhattan,2005,2073,1697,81.90%,1568,75.60%,92.40%,1062,51.20%,62.60%,506,24.40%,29.80%,129,6.20%,7.60%,261,12.60%,93,4.50%
Asian,Manhattan,2006,2113,1739,82.30%,1658,78.50%,95.30%,1119,53%,64.30%,539,25.50%,31%,81,3.80%,4.70%,238,11.30%,115,5.40%
Asian,Manhattan,Aug-06,2113,1767,83.60%,1679,79.50%,95%,1121,53.10%,63.40%,558,26.40%,31.60%,88,4.20%,5%,211,10%,114,5.40%
Asian,Queens,2001,4222,2836,67.20%,2258,53.50%,79.60%,1273,30.20%,44.90%,985,23.30%,34.70%,580,13.70%,20.50%,885,21%,452,10.70%
Asian,Queens,2002,4613,3073,66.60%,2538,55%,82.60%,1349,29.20%,43.90%,1189,25.80%,38.70%,537,11.60%,17.50%,948,20.60%,482,10.40%
Asian,Queens,2003,4745,3335,70.30%,2895,61%,86.80%,1701,35.80%,51%,1194,25.20%,35.80%,440,9.30%,13.20%,907,19.10%,467,9.80%
Asian,Queens,2004,4773,3394,71.10%,2944,61.70%,86.70%,1740,36.50%,51.30%,1204,25.20%,35.50%,450,9.40%,13.30%,939,19.70%,407,8.50%
Asian,Queens,2005,4901,3683,75.10%,3218,65.70%,87.40%,1839,37.50%,49.90%,1379,28.10%,37.40%,465,9.50%,12.60%,793,16.20%,304,6.20%
Asian,Queens,2006,5035,3835,76.20%,3472,69%,90.50%,1793,35.60%,46.80%,1679,33.30%,43.80%,363,7.20%,9.50%,784,15.60%,352,7%
Asian,Queens,Aug-06,5035,4059,80.60%,3615,71.80%,89.10%,1826,36.30%,45%,1789,35.50%,44.10%,444,8.80%,10.90%,560,11.10%,352,7%
Asian,Staten Island,2001,333,268,80.50%,225,67.60%,84%,138,41.40%,51.50%,87,26.10%,32.50%,43,12.90%,16%,46,13.80%,16,4.80%
Asian,Staten Island,2002,319,265,83.10%,222,69.60%,83.80%,141,44.20%,53.20%,81,25.40%,30.60%,44,13.80%,16.60%,35,11%,15,4.70%
Asian,Staten Island,2003,362,302,83.40%,261,72.10%,86.40%,152,42%,50.30%,109,30.10%,36.10%,41,11.30%,13.60%,39,10.80%,18,5%
Asian,Staten Island,2004,368,319,86.70%,291,79.10%,91.20%,178,48.40%,55.80%,113,30.70%,35.40%,28,7.60%,8.80%,37,10.10%,6,1.60%
Asian,Staten Island,2005,379,326,86%,296,78.10%,90.80%,187,49.30%,57.40%,109,28.80%,33.40%,30,7.90%,9.20%,40,10.60%,6,1.60%
Asian,Staten Island,2006,439,392,89.30%,365,83.10%,93.10%,243,55.40%,62%,122,27.80%,31.10%,27,6.20%,6.90%,22,5%,17,3.90%
Asian,Staten Island,Aug-06,439,393,89.50%,366,83.40%,93.10%,243,55.40%,61.80%,123,28%,31.30%,27,6.20%,6.90%,21,4.80%,17,3.90%
Black,Bronx,2001,3852,1662,43.10%,800,20.80%,48.10%,158,4.10%,9.50%,642,16.70%,38.60%,862,22.40%,51.90%,1213,31.50%,770,20%
Black,Bronx,2002,3965,1717,43.30%,945,23.80%,55%,143,3.60%,8.30%,802,20.20%,46.70%,774,19.50%,45.10%,1415,35.70%,639,16.10%
Black,Bronx,2003,4572,2186,47.80%,1250,27.30%,57.20%,228,5%,10.40%,1022,22.40%,46.80%,936,20.50%,42.80%,1461,32%,737,16.10%
Black,Bronx,2004,4834,2497,51.70%,1497,31%,60%,267,5.50%,10.70%,1230,25.40%,49.30%,1000,20.70%,40%,1462,30.20%,697,14.40%
Black,Bronx,2005,5048,2724,54%,1771,35.10%,65%,261,5.20%,9.60%,1510,29.90%,55.40%,953,18.90%,35%,1349,26.70%,678,13.40%
Black,Bronx,2006,5161,2850,55.20%,2089,40.50%,73.30%,269,5.20%,9.40%,1820,35.30%,63.90%,761,14.70%,26.70%,1258,24.40%,771,14.90%
Black,Bronx,Aug-06,5161,3071,59.50%,2188,42.40%,71.20%,272,5.30%,8.90%,1916,37.10%,62.40%,883,17.10%,28.80%,1044,20.20%,764,14.80%
Black,Brooklyn,2001,9382,4232,45.10%,2137,22.80%,50.50%,546,5.80%,12.90%,1591,17%,37.60%,2099,22.40%,49.60%,3284,35%,1543,16.40%
Black,Brooklyn,2002,9789,4435,45.30%,2591,26.50%,58.40%,586,6%,13.20%,2005,20.50%,45.20%,1852,18.90%,41.80%,3438,35.10%,1428,14.60%
Black,Brooklyn,2003,10350,4958,47.90%,2942,28.40%,59.30%,730,7.10%,14.70%,2212,21.40%,44.60%,2016,19.50%,40.70%,3668,35.40%,1410,13.60%
Black,Brooklyn,2004,11070,5733,51.80%,3641,32.90%,63.50%,927,8.40%,16.20%,2714,24.50%,47.30%,2092,18.90%,36.50%,3631,32.80%,1320,11.90%
Black,Brooklyn,2005,11098,5886,53%,4033,36.30%,68.50%,868,7.80%,14.70%,3165,28.50%,53.80%,1853,16.70%,31.50%,3484,31.40%,1214,10.90%
Black,Brooklyn,2006,10886,6024,55.30%,4424,40.60%,73.40%,870,8%,14.40%,3554,32.60%,59%,1600,14.70%,26.60%,3069,28.20%,1320,12.10%
Black,Brooklyn,Aug-06,10886,6587,60.50%,4672,42.90%,70.90%,876,8%,13.30%,3796,34.90%,57.60%,1915,17.60%,29.10%,2514,23.10%,1312,12.10%
Black,Manhattan,2001,3677,1935,52.60%,1101,29.90%,56.90%,266,7.20%,13.70%,835,22.70%,43.20%,834,22.70%,43.10%,966,26.30%,626,17%
Black,Manhattan,2002,4045,2060,50.90%,1276,31.50%,61.90%,223,5.50%,10.80%,1053,26%,51.10%,789,19.50%,38.30%,1261,31.20%,591,14.60%
Black,Manhattan,2003,3994,1917,48%,1233,30.90%,64.30%,367,9.20%,19.10%,866,21.70%,45.20%,684,17.10%,35.70%,1436,36%,513,12.80%
Black,Manhattan,2004,4128,2074,50.20%,1360,32.90%,65.60%,329,8%,15.90%,1031,25%,49.70%,714,17.30%,34.40%,1401,33.90%,545,13.20%
Black,Manhattan,2005,4448,2423,54.50%,1769,39.80%,73%,315,7.10%,13%,1454,32.70%,60%,654,14.70%,27%,1322,29.70%,493,11.10%
Black,Manhattan,2006,4655,2632,56.50%,2088,44.90%,79.30%,342,7.30%,13%,1746,37.50%,66.30%,544,11.70%,20.70%,1280,27.50%,502,10.80%
Black,Manhattan,Aug-06,4655,2819,60.60%,2187,47%,77.60%,344,7.40%,12.20%,1843,39.60%,65.40%,632,13.60%,22.40%,1095,23.50%,500,10.70%
Black,Queens,2001,4600,2146,46.70%,1273,27.70%,59.30%,299,6.50%,13.90%,974,21.20%,45.40%,872,19%,40.60%,1485,32.30%,810,17.60%
Black,Queens,2002,4800,2284,47.60%,1368,28.50%,59.90%,295,6.10%,12.90%,1073,22.40%,47%,917,19.10%,40.10%,1512,31.50%,788,16.40%
Black,Queens,2003,5053,2561,50.70%,1652,32.70%,64.50%,398,7.90%,15.50%,1254,24.80%,49%,909,18%,35.50%,1558,30.80%,787,15.60%
Black,Queens,2004,4949,2578,52.10%,1708,34.50%,66.30%,399,8.10%,15.50%,1309,26.40%,50.80%,870,17.60%,33.70%,1546,31.20%,701,14.20%
Black,Queens,2005,5241,2882,55%,2080,39.70%,72.20%,425,8.10%,14.70%,1655,31.60%,57.40%,802,15.30%,27.80%,1372,26.20%,708,13.50%
Black,Queens,2006,5139,2939,57.20%,2202,42.80%,74.90%,405,7.90%,13.80%,1797,35%,61.10%,737,14.30%,25.10%,1308,25.50%,689,13.40%
Black,Queens,Aug-06,5139,3198,62.20%,2305,44.90%,72.10%,407,7.90%,12.70%,1898,36.90%,59.30%,893,17.40%,27.90%,1053,20.50%,685,13.30%
Black,Staten Island,2001,621,282,45.40%,161,25.90%,57.10%,39,6.30%,13.80%,122,19.60%,43.30%,122,19.60%,43.30%,207,33.30%,100,16.10%
Black,Staten Island,2002,686,334,48.70%,203,29.60%,60.80%,39,5.70%,11.70%,164,23.90%,49.10%,132,19.20%,39.50%,225,32.80%,90,13.10%
Black,Staten Island,2003,739,396,53.60%,260,35.20%,65.70%,59,8%,14.90%,201,27.20%,50.80%,136,18.40%,34.30%,239,32.30%,72,9.70%
Black,Staten Island,2004,694,349,50.30%,247,35.60%,70.80%,78,11.20%,22.30%,169,24.40%,48.40%,102,14.70%,29.20%,231,33.30%,90,13%
Black,Staten Island,2005,778,429,55.10%,289,37.10%,67.40%,62,8%,14.50%,227,29.20%,52.90%,140,18%,32.60%,196,25.20%,87,11.20%
Black,Staten Island,2006,771,427,55.40%,333,43.20%,78%,85,11%,19.90%,248,32.20%,58.10%,94,12.20%,22%,195,25.30%,104,13.50%
Black,Staten Island,Aug-06,771,449,58.20%,343,44.50%,76.40%,85,11%,18.90%,258,33.50%,57.50%,106,13.70%,23.60%,173,22.40%,104,13.50%
Hispanic,Bronx,2001,6150,2261,36.80%,1064,17.30%,47.10%,242,3.90%,10.70%,822,13.40%,36.40%,1198,19.50%,53%,2035,33.10%,1506,24.50%
Hispanic,Bronx,2002,6623,2606,39.30%,1325,20%,50.80%,228,3.40%,8.70%,1097,16.60%,42.10%,1286,19.40%,49.30%,2351,35.50%,1378,20.80%
Hispanic,Bronx,2003,7583,3131,41.30%,1708,22.50%,54.60%,380,5%,12.10%,1328,17.50%,42.40%,1423,18.80%,45.40%,2548,33.60%,1598,21.10%
Hispanic,Bronx,2004,8009,3810,47.60%,2146,26.80%,56.30%,432,5.40%,11.30%,1714,21.40%,45%,1664,20.80%,43.70%,2463,30.80%,1490,18.60%
Hispanic,Bronx,2005,8616,4356,50.60%,2842,33%,65.20%,570,6.60%,13.10%,2272,26.40%,52.20%,1514,17.60%,34.80%,2392,27.80%,1351,15.70%
Hispanic,Bronx,2006,8850,4469,50.50%,3121,35.30%,69.80%,534,6%,11.90%,2587,29.20%,57.90%,1348,15.20%,30.20%,2360,26.70%,1507,17%
Hispanic,Bronx,Aug-06,8850,4896,55.30%,3294,37.20%,67.30%,540,6.10%,11%,2754,31.10%,56.30%,1602,18.10%,32.70%,1950,22%,1490,16.80%
Hispanic,Brooklyn,2001,4393,1619,36.90%,815,18.60%,50.30%,278,6.30%,17.20%,537,12.20%,33.20%,806,18.30%,49.80%,1563,35.60%,1045,23.80%
Hispanic,Brooklyn,2002,4662,1803,38.70%,937,20.10%,52%,236,5.10%,13.10%,701,15%,38.90%,867,18.60%,48.10%,1649,35.40%,1052,22.60%
Hispanic,Brooklyn,2003,4876,2055,42.10%,1216,24.90%,59.20%,422,8.70%,20.50%,794,16.30%,38.60%,839,17.20%,40.80%,1700,34.90%,993,20.40%
Hispanic,Brooklyn,2004,5170,2332,45.10%,1485,28.70%,63.70%,480,9.30%,20.60%,1005,19.40%,43.10%,847,16.40%,36.30%,1716,33.20%,973,18.80%
Hispanic,Brooklyn,2005,5244,2529,48.20%,1706,32.50%,67.50%,499,9.50%,19.70%,1207,23%,47.70%,823,15.70%,32.50%,1690,32.20%,821,15.70%
Hispanic,Brooklyn,2006,5327,2634,49.40%,1976,37.10%,75%,461,8.70%,17.50%,1515,28.40%,57.50%,658,12.40%,25%,1582,29.70%,903,17%
Hispanic,Brooklyn,Aug-06,5327,2845,53.40%,2070,38.90%,72.80%,465,8.70%,16.30%,1605,30.10%,56.40%,775,14.50%,27.20%,1375,25.80%,899,16.90%
Hispanic,Manhattan,2001,5739,2924,50.90%,1678,29.20%,57.40%,389,6.80%,13.30%,1289,22.50%,44.10%,1247,21.70%,42.60%,1471,25.60%,1127,19.60%
Hispanic,Manhattan,2002,5985,2974,49.70%,1823,30.50%,61.30%,379,6.30%,12.70%,1444,24.10%,48.60%,1155,19.30%,38.80%,1857,31%,965,16.10%
Hispanic,Manhattan,2003,6613,3126,47.30%,1968,29.80%,63%,605,9.10%,19.40%,1363,20.60%,43.60%,1158,17.50%,37%,2285,34.60%,1053,15.90%
Hispanic,Manhattan,2004,7276,3747,51.50%,2382,32.70%,63.60%,755,10.40%,20.10%,1627,22.40%,43.40%,1365,18.80%,36.40%,2251,30.90%,1147,15.80%
Hispanic,Manhattan,2005,7555,4231,56%,2954,39.10%,69.80%,650,8.60%,15.40%,2304,30.50%,54.50%,1276,16.90%,30.20%,2083,27.60%,942,12.50%
Hispanic,Manhattan,2006,7766,4478,57.70%,3514,45.20%,78.50%,699,9%,15.60%,2815,36.20%,62.90%,964,12.40%,21.50%,1976,25.40%,1009,13%
Hispanic,Manhattan,Aug-06,7766,4768,61.40%,3652,47%,76.60%,704,9.10%,14.80%,2948,38%,61.80%,1116,14.40%,23.40%,1693,21.80%,1003,12.90%
Hispanic,Queens,2001,5335,2371,44.40%,1513,28.40%,63.80%,402,7.50%,17%,1111,20.80%,46.90%,861,16.10%,36.30%,1755,32.90%,1051,19.70%
Hispanic,Queens,2002,5952,2656,44.60%,1822,30.60%,68.60%,476,8%,17.90%,1346,22.60%,50.70%,835,14%,31.40%,1941,32.60%,1154,19.40%
Hispanic,Queens,2003,5870,2709,46.10%,1855,31.60%,68.50%,573,9.80%,21.20%,1282,21.80%,47.30%,854,14.50%,31.50%,1926,32.80%,1106,18.80%
Hispanic,Queens,2004,6424,3199,49.80%,2340,36.40%,73.10%,758,11.80%,23.70%,1582,24.60%,49.50%,859,13.40%,26.90%,2010,31.30%,1113,17.30%
Hispanic,Queens,2005,6842,3540,51.70%,2554,37.30%,72.10%,701,10.20%,19.80%,1853,27.10%,52.30%,986,14.40%,27.90%,1875,27.40%,1132,16.50%
Hispanic,Queens,2006,6867,3879,56.50%,3068,44.70%,79.10%,765,11.10%,19.70%,2303,33.50%,59.40%,811,11.80%,20.90%,1769,25.80%,989,14.40%
Hispanic,Queens,Aug-06,6867,4216,61.40%,3240,47.20%,76.90%,769,11.20%,18.20%,2471,36%,58.60%,976,14.20%,23.10%,1432,20.90%,989,14.40%
Hispanic,Staten Island,2001,604,312,51.70%,204,33.80%,65.40%,49,8.10%,15.70%,155,25.70%,49.70%,108,17.90%,34.60%,178,29.50%,94,15.60%
Hispanic,Staten Island,2002,731,349,47.70%,228,31.20%,65.30%,51,7%,14.60%,177,24.20%,50.70%,121,16.60%,34.70%,217,29.70%,133,18.20%
Hispanic,Staten Island,2003,760,381,50.10%,276,36.30%,72.40%,84,11.10%,22%,192,25.30%,50.40%,105,13.80%,27.60%,251,33%,109,14.30%
Hispanic,Staten Island,2004,829,429,51.70%,312,37.60%,72.70%,85,10.30%,19.80%,227,27.40%,52.90%,117,14.10%,27.30%,258,31.10%,118,14.20%
Hispanic,Staten Island,2005,915,479,52.30%,358,39.10%,74.70%,94,10.30%,19.60%,264,28.90%,55.10%,121,13.20%,25.30%,238,26%,127,13.90%
Hispanic,Staten Island,2006,906,547,60.40%,425,46.90%,77.70%,114,12.60%,20.80%,311,34.30%,56.90%,122,13.50%,22.30%,194,21.40%,116,12.80%
Hispanic,Staten Island,Aug-06,906,564,62.30%,433,47.80%,76.80%,114,12.60%,20.20%,319,35.20%,56.60%,131,14.50%,23.20%,177,19.50%,116,12.80%
White,Bronx,2001,756,485,64.20%,368,48.70%,75.90%,280,37%,57.70%,88,11.60%,18.10%,117,15.50%,24.10%,153,20.20%,95,12.60%
White,Bronx,2002,696,473,68%,379,54.50%,80.10%,267,38.40%,56.40%,112,16.10%,23.70%,94,13.50%,19.90%,130,18.70%,73,10.50%
White,Bronx,2003,649,423,65.20%,351,54.10%,83%,238,36.70%,56.30%,113,17.40%,26.70%,72,11.10%,17%,123,19%,87,13.40%
White,Bronx,2004,681,467,68.60%,388,57%,83.10%,269,39.50%,57.60%,119,17.50%,25.50%,79,11.60%,16.90%,119,17.50%,83,12.20%
White,Bronx,2005,644,432,67.10%,365,56.70%,84.50%,244,37.90%,56.50%,121,18.80%,28%,67,10.40%,15.50%,114,17.70%,72,11.20%
White,Bronx,2006,636,444,69.80%,396,62.30%,89.20%,254,39.90%,57.20%,142,22.30%,32%,48,7.50%,10.80%,99,15.60%,77,12.10%
White,Bronx,Aug-06,636,459,72.20%,403,63.40%,87.80%,254,39.90%,55.30%,149,23.40%,32.50%,56,8.80%,12.20%,84,13.20%,77,12.10%
White,Brooklyn,2001,3714,2345,63.10%,1910,51.40%,81.40%,1074,28.90%,45.80%,836,22.50%,35.70%,438,11.80%,18.70%,676,18.20%,646,17.40%
White,Brooklyn,2002,3619,2315,64%,1952,53.90%,84.30%,987,27.30%,42.60%,965,26.70%,41.70%,364,10.10%,15.70%,701,19.40%,547,15.10%
White,Brooklyn,2003,3195,2027,63.40%,1760,55.10%,86.80%,908,28.40%,44.80%,852,26.70%,42%,267,8.40%,13.20%,615,19.20%,510,16%
White,Brooklyn,2004,3090,2070,67%,1794,58.10%,86.70%,1004,32.50%,48.50%,790,25.60%,38.20%,276,8.90%,13.30%,568,18.40%,416,13.50%
White,Brooklyn,2005,2879,1978,68.70%,1747,60.70%,88.30%,934,32.40%,47.20%,813,28.20%,41.10%,231,8%,11.70%,524,18.20%,310,10.80%
White,Brooklyn,2006,2850,1997,70.10%,1798,63.10%,90%,930,32.60%,46.60%,868,30.50%,43.50%,199,7%,10%,501,17.60%,301,10.60%
White,Brooklyn,Aug-06,2850,2102,73.80%,1868,65.50%,88.90%,943,33.10%,44.90%,925,32.50%,44%,234,8.20%,11.10%,398,14%,299,10.50%
White,Manhattan,2001,1633,1337,81.90%,1132,69.30%,84.70%,570,34.90%,42.60%,562,34.40%,42%,206,12.60%,15.40%,167,10.20%,107,6.60%
White,Manhattan,2002,1640,1319,80.40%,1162,70.90%,88.10%,561,34.20%,42.50%,601,36.60%,45.60%,157,9.60%,11.90%,189,11.50%,87,5.30%
White,Manhattan,2003,1493,1202,80.50%,1075,72%,89.40%,665,44.50%,55.30%,410,27.50%,34.10%,127,8.50%,10.60%,207,13.90%,77,5.20%
White,Manhattan,2004,1580,1277,80.80%,1186,75.10%,92.90%,647,40.90%,50.70%,539,34.10%,42.20%,91,5.80%,7.10%,238,15.10%,53,3.40%
White,Manhattan,2005,1647,1384,84%,1268,77%,91.60%,635,38.60%,45.90%,633,38.40%,45.70%,116,7%,8.40%,183,11.10%,59,3.60%
White,Manhattan,2006,1743,1468,84.20%,1380,79.20%,94%,603,34.60%,41.10%,777,44.60%,52.90%,88,5%,6%,197,11.30%,48,2.80%
White,Manhattan,Aug-06,1743,1496,85.80%,1398,80.20%,93.40%,604,34.70%,40.40%,794,45.60%,53.10%,98,5.60%,6.60%,170,9.80%,47,2.70%
White,Queens,2001,2807,1801,64.20%,1394,49.70%,77.40%,713,25.40%,39.60%,681,24.30%,37.80%,413,14.70%,22.90%,544,19.40%,372,13.30%
White,Queens,2002,2839,1833,64.60%,1509,53.20%,82.30%,712,25.10%,38.80%,797,28.10%,43.50%,325,11.40%,17.70%,539,19%,383,13.50%
White,Queens,2003,2580,1747,67.70%,1441,55.90%,82.50%,703,27.20%,40.20%,738,28.60%,42.20%,306,11.90%,17.50%,436,16.90%,341,13.20%
White,Queens,2004,2397,1651,68.90%,1387,57.90%,84%,690,28.80%,41.80%,697,29.10%,42.20%,264,11%,16%,457,19.10%,252,10.50%
White,Queens,2005,2361,1667,70.60%,1369,58%,82.10%,635,26.90%,38.10%,734,31.10%,44%,298,12.60%,17.90%,369,15.60%,248,10.50%
White,Queens,2006,2387,1736,72.70%,1484,62.20%,85.50%,654,27.40%,37.70%,830,34.80%,47.80%,252,10.60%,14.50%,382,16%,206,8.60%
White,Queens,Aug-06,2387,1826,76.50%,1530,64.10%,83.80%,659,27.60%,36.10%,871,36.50%,47.70%,296,12.40%,16.20%,292,12.20%,206,8.60%
White,Staten Island,2001,2304,1700,73.80%,1309,56.80%,77%,650,28.20%,38.20%,659,28.60%,38.80%,391,17%,23%,351,15.20%,205,8.90%
White,Staten Island,2002,2389,1768,74%,1384,57.90%,78.30%,628,26.30%,35.50%,756,31.60%,42.80%,384,16.10%,21.70%,364,15.20%,187,7.80%
White,Staten Island,2003,2336,1726,73.90%,1366,58.50%,79.10%,586,25.10%,34%,780,33.40%,45.20%,360,15.40%,20.90%,381,16.30%,171,7.30%
White,Staten Island,2004,2243,1686,75.20%,1366,60.90%,81%,687,30.60%,40.70%,679,30.30%,40.30%,320,14.30%,19%,315,14%,167,7.40%
White,Staten Island,2005,2368,1855,78.30%,1521,64.20%,82%,715,30.20%,38.50%,806,34%,43.50%,334,14.10%,18%,277,11.70%,139,5.90%
White,Staten Island,2006,2461,1961,79.70%,1678,68.20%,85.60%,746,30.30%,38%,932,37.90%,47.50%,283,11.50%,14.40%,268,10.90%,174,7.10%
White,Staten Island,Aug-06,2461,1998,81.20%,1697,69%,84.90%,748,30.40%,37.40%,949,38.60%,47.50%,301,12.20%,15.10%,232,9.40%,173,7%
Female,Bronx,2001,5532,2711,49%,1409,25.50%,52%,519,9.40%,19.10%,890,16.10%,32.80%,1305,23.60%,48.10%,1547,28%,1052,19%
Female,Bronx,2002,5835,2921,50.10%,1652,28.30%,56.60%,474,8.10%,16.20%,1178,20.20%,40.30%,1273,21.80%,43.60%,1832,31.40%,880,15.10%
Female,Bronx,2003,6688,3498,52.30%,2081,31.10%,59.50%,649,9.70%,18.60%,1432,21.40%,40.90%,1417,21.20%,40.50%,1969,29.40%,1015,15.20%
Female,Bronx,2004,7085,4091,57.70%,2552,36%,62.40%,731,10.30%,17.90%,1821,25.70%,44.50%,1539,21.70%,37.60%,1853,26.20%,980,13.80%
Female,Bronx,2005,7288,4432,60.80%,3010,41.30%,67.90%,809,11.10%,18.30%,2201,30.20%,49.70%,1422,19.50%,32.10%,1652,22.70%,879,12.10%
Female,Bronx,2006,7505,4455,59.40%,3319,44.20%,74.50%,773,10.30%,17.40%,2546,33.90%,57.10%,1136,15.10%,25.50%,1683,22.40%,1070,14.30%
Female,Bronx,Aug-06,7505,4792,63.90%,3475,46.30%,72.50%,781,10.40%,16.30%,2694,35.90%,56.20%,1317,17.50%,27.50%,1364,18.20%,1052,14%
Female,Brooklyn,2001,9849,5538,56.20%,3455,35.10%,62.40%,1568,15.90%,28.30%,1887,19.20%,34.10%,2086,21.20%,37.70%,2656,27%,1446,14.70%
Female,Brooklyn,2002,10253,5723,55.80%,3861,37.70%,67.50%,1534,15%,26.80%,2327,22.70%,40.70%,1867,18.20%,32.60%,2827,27.60%,1388,13.50%
Female,Brooklyn,2003,10481,6147,58.60%,4302,41%,70%,1827,17.40%,29.70%,2475,23.60%,40.30%,1845,17.60%,30%,2808,26.80%,1317,12.60%
Female,Brooklyn,2004,10918,6810,62.40%,4905,44.90%,72%,2044,18.70%,30%,2861,26.20%,42%,1905,17.40%,28%,2731,25%,1177,10.80%
Female,Brooklyn,2005,10942,6867,62.80%,5149,47.10%,75%,1939,17.70%,28.20%,3210,29.30%,46.70%,1718,15.70%,25%,2679,24.50%,1032,9.40%
Female,Brooklyn,2006,10790,7034,65.20%,5618,52.10%,79.90%,2048,19%,29.10%,3570,33.10%,50.80%,1416,13.10%,20.10%,2319,21.50%,1163,10.80%
Female,Brooklyn,Aug-06,10790,7484,69.40%,5825,54%,77.80%,2064,19.10%,27.60%,3761,34.90%,50.30%,1659,15.40%,22.20%,1877,17.40%,1155,10.70%
Female,Manhattan,2001,6720,4434,66%,2995,44.60%,67.50%,1040,15.50%,23.50%,1955,29.10%,44.10%,1440,21.40%,32.50%,1286,19.10%,831,12.40%
Female,Manhattan,2002,7277,4652,63.90%,3265,44.90%,70.20%,990,13.60%,21.30%,2275,31.30%,48.90%,1394,19.20%,30%,1645,22.60%,806,11.10%
Female,Manhattan,2003,7465,4619,61.90%,3318,44.40%,71.80%,1507,20.20%,32.60%,1811,24.30%,39.20%,1301,17.40%,28.20%,1958,26.20%,761,10.20%
Female,Manhattan,2004,8070,5178,64.20%,3743,46.40%,72.30%,1601,19.80%,30.90%,2142,26.50%,41.40%,1435,17.80%,27.70%,2001,24.80%,803,10%
Female,Manhattan,2005,8566,5784,67.50%,4525,52.80%,78.20%,1546,18%,26.70%,2979,34.80%,51.50%,1259,14.70%,21.80%,1819,21.20%,722,8.40%
Female,Manhattan,2006,8907,6214,69.80%,5205,58.40%,83.80%,1593,17.90%,25.60%,3612,40.60%,58.10%,1009,11.30%,16.20%,1708,19.20%,753,8.50%
Female,Manhattan,Aug-06,8907,6479,72.70%,5328,59.80%,82.20%,1596,17.90%,24.60%,3732,41.90%,57.60%,1151,12.90%,17.80%,1449,16.30%,747,8.40%
Female,Queens,2001,8327,5089,61.10%,3600,43.20%,70.70%,1566,18.80%,30.80%,2034,24.40%,40%,1496,18%,29.40%,1991,23.90%,1064,12.80%
Female,Queens,2002,8976,5511,61.40%,4032,44.90%,73.20%,1695,18.90%,30.80%,2337,26%,42.40%,1484,16.50%,26.90%,2091,23.30%,1124,12.50%
Female,Queens,2003,8992,5779,64.30%,4350,48.40%,75.30%,1877,20.90%,32.50%,2473,27.50%,42.80%,1429,15.90%,24.70%,2007,22.30%,1051,11.70%
Female,Queens,2004,9027,5883,65.20%,4565,50.60%,77.60%,1959,21.70%,33.30%,2606,28.90%,44.30%,1318,14.60%,22.40%,2053,22.70%,989,11%
Female,Queens,2005,9252,6338,68.50%,4937,53.40%,77.90%,2000,21.60%,31.60%,2937,31.70%,46.30%,1401,15.10%,22.10%,1682,18.20%,949,10.30%
Female,Queens,2006,9356,6578,70.30%,5411,57.80%,82.30%,2065,22.10%,31.40%,3346,35.80%,50.90%,1167,12.50%,17.70%,1718,18.40%,878,9.40%
Female,Queens,Aug-06,9356,6956,74.30%,5588,59.70%,80.30%,2084,22.30%,30%,3504,37.50%,50.40%,1368,14.60%,19.70%,1343,14.40%,875,9.40%
Female,Staten Island,2001,1805,1307,72.40%,964,53.40%,73.80%,453,25.10%,34.70%,511,28.30%,39.10%,344,19.10%,26.30%,304,16.80%,149,8.30%
Female,Staten Island,2002,2023,1426,70.50%,1092,54%,76.60%,461,22.80%,32.30%,631,31.20%,44.20%,335,16.60%,23.50%,341,16.90%,186,9.20%
Female,Staten Island,2003,2115,1515,71.60%,1164,55%,76.80%,479,22.60%,31.60%,685,32.40%,45.20%,351,16.60%,23.20%,389,18.40%,162,7.70%
Female,Staten Island,2004,2050,1478,72.10%,1185,57.80%,80.20%,568,27.70%,38.40%,617,30.10%,41.70%,293,14.30%,19.80%,363,17.70%,156,7.60%
Female,Staten Island,2005,2216,1633,73.70%,1303,58.80%,79.80%,569,25.70%,34.80%,734,33.10%,44.90%,330,14.90%,20.20%,311,14%,158,7.10%
Female,Staten Island,2006,2190,1665,76%,1389,63.40%,83.40%,619,28.30%,37.20%,770,35.20%,46.20%,276,12.60%,16.60%,289,13.20%,179,8.20%
Female,Staten Island,Aug-06,2190,1698,77.50%,1398,63.80%,82.30%,621,28.40%,36.60%,777,35.50%,45.80%,300,13.70%,17.70%,257,11.70%,178,8.10%
Male,Bronx,2001,5921,2202,37.20%,1235,20.90%,56.10%,479,8.10%,21.80%,756,12.80%,34.30%,966,16.30%,43.90%,1965,33.20%,1386,23.40%
Male,Bronx,2002,6197,2407,38.80%,1466,23.70%,60.90%,518,8.40%,21.50%,948,15.30%,39.40%,944,15.20%,39.20%,2215,35.70%,1260,20.30%
Male,Bronx,2003,6944,2891,41.60%,1780,25.60%,61.60%,606,8.70%,21%,1174,16.90%,40.60%,1111,16%,38.40%,2289,33%,1457,21%
Male,Bronx,2004,7279,3357,46.10%,2073,28.50%,61.80%,664,9.10%,19.80%,1409,19.40%,42%,1284,17.60%,38.20%,2316,31.80%,1323,18.20%
Male,Bronx,2005,7887,3797,48.10%,2608,33.10%,68.70%,735,9.30%,19.40%,1873,23.70%,49.30%,1189,15.10%,31.30%,2291,29%,1268,16.10%
Male,Bronx,2006,8074,4069,50.40%,2993,37.10%,73.60%,785,9.70%,19.30%,2208,27.30%,54.30%,1076,13.30%,26.40%,2141,26.50%,1332,16.50%
Male,Bronx,Aug-06,8074,4423,54.80%,3130,38.80%,70.80%,791,9.80%,17.90%,2339,29%,52.90%,1293,16%,29.20%,1796,22.20%,1323,16.40%
Male,Brooklyn,2001,10112,4220,41.70%,2722,26.90%,64.50%,1261,12.50%,29.90%,1461,14.40%,34.60%,1505,14.90%,35.70%,3445,34.10%,2101,20.80%
Male,Brooklyn,2002,10555,4614,43.70%,3189,30.20%,69.10%,1331,12.60%,28.80%,1858,17.60%,40.30%,1431,13.60%,31%,3541,33.50%,1981,18.80%
Male,Brooklyn,2003,10853,4917,45.30%,3409,31.40%,69.30%,1412,13%,28.70%,1997,18.40%,40.60%,1508,13.90%,30.70%,3763,34.70%,1881,17.30%
Male,Brooklyn,2004,11435,5493,48%,3967,34.70%,72.20%,1697,14.80%,30.90%,2270,19.90%,41.30%,1526,13.30%,27.80%,3756,32.80%,1796,15.70%
Male,Brooklyn,2005,11389,5736,50.40%,4339,38.10%,75.60%,1679,14.70%,29.30%,2660,23.40%,46.40%,1397,12.30%,24.40%,3641,32%,1546,13.60%
Male,Brooklyn,2006,11387,6006,52.70%,4822,42.30%,80.30%,1669,14.70%,27.80%,3153,27.70%,52.50%,1184,10.40%,19.70%,3317,29.10%,1568,13.80%
Male,Brooklyn,Aug-06,11387,6559,57.60%,5120,45%,78.10%,1699,14.90%,25.90%,3421,30%,52.20%,1439,12.60%,21.90%,2771,24.30%,1561,13.70%
Male,Manhattan,2001,5950,3046,51.20%,1968,33.10%,64.60%,811,13.60%,26.60%,1157,19.40%,38%,1079,18.10%,35.40%,1543,25.90%,1131,19%
Male,Manhattan,2002,6186,3094,50%,2232,36.10%,72.10%,882,14.30%,28.50%,1350,21.80%,43.60%,865,14%,28%,1916,31%,937,15.10%
Male,Manhattan,2003,6414,2994,46.70%,2181,34%,72.80%,1020,15.90%,34.10%,1161,18.10%,38.80%,813,12.70%,27.20%,2282,35.60%,968,15.10%
Male,Manhattan,2004,7057,3602,51%,2706,38.30%,75.10%,1210,17.10%,33.60%,1496,21.20%,41.50%,896,12.70%,24.90%,2242,31.80%,1039,14.70%
Male,Manhattan,2005,7277,4032,55.40%,3098,42.60%,76.80%,1127,15.50%,28%,1971,27.10%,48.90%,933,12.80%,23.10%,2055,28.20%,875,12%
Male,Manhattan,2006,7509,4197,55.90%,3510,46.70%,83.60%,1188,15.80%,28.30%,2322,30.90%,55.30%,687,9.10%,16.40%,2011,26.80%,931,12.40%
Male,Manhattan,Aug-06,7509,4468,59.50%,3665,48.80%,82%,1195,15.90%,26.70%,2470,32.90%,55.30%,803,10.70%,18%,1745,23.20%,927,12.30%
Male,Queens,2001,8684,4091,47.10%,2852,32.80%,69.70%,1128,13%,27.60%,1724,19.90%,42.10%,1242,14.30%,30.40%,2688,31%,1632,18.80%
Male,Queens,2002,9286,4358,46.90%,3218,34.70%,73.80%,1142,12.30%,26.20%,2076,22.40%,47.60%,1140,12.30%,26.20%,2870,30.90%,1692,18.20%
Male,Queens,2003,9423,4676,49.60%,3567,37.90%,76.30%,1518,16.10%,32.50%,2049,21.70%,43.80%,1109,11.80%,23.70%,2862,30.40%,1667,17.70%
Male,Queens,2004,9698,5039,52%,3885,40.10%,77.10%,1645,17%,32.60%,2240,23.10%,44.50%,1154,11.90%,22.90%,2948,30.40%,1516,15.60%
Male,Queens,2005,10259,5525,53.90%,4353,42.40%,78.80%,1618,15.80%,29.30%,2735,26.70%,49.50%,1172,11.40%,21.20%,2753,26.80%,1486,14.50%
Male,Queens,2006,10202,5887,57.70%,4874,47.80%,82.80%,1572,15.40%,26.70%,3302,32.40%,56.10%,1013,9.90%,17.20%,2554,25%,1378,13.50%
Male,Queens,Aug-06,10202,6422,62.90%,5164,50.60%,80.40%,1597,15.70%,24.90%,3567,35%,55.50%,1258,12.30%,19.60%,2020,19.80%,1377,13.50%
Male,Staten Island,2001,2067,1258,60.90%,937,45.30%,74.50%,423,20.50%,33.60%,514,24.90%,40.90%,321,15.50%,25.50%,482,23.30%,268,13%
Male,Staten Island,2002,2111,1295,61.30%,948,44.90%,73.20%,400,18.90%,30.90%,548,26%,42.30%,348,16.50%,26.90%,503,23.80%,240,11.40%
Male,Staten Island,2003,2103,1297,61.70%,1005,47.80%,77.50%,404,19.20%,31.10%,601,28.60%,46.30%,292,13.90%,22.50%,530,25.20%,212,10.10%
Male,Staten Island,2004,2092,1310,62.60%,1035,49.50%,79%,461,22%,35.20%,574,27.40%,43.80%,275,13.10%,21%,481,23%,225,10.80%
Male,Staten Island,2005,2244,1465,65.30%,1164,51.90%,79.50%,490,21.80%,33.40%,674,30%,46%,301,13.40%,20.50%,447,19.90%,204,9.10%
Male,Staten Island,2006,2413,1681,69.70%,1429,59.20%,85%,573,23.70%,34.10%,856,35.50%,50.90%,252,10.40%,15%,394,16.30%,235,9.70%
Male,Staten Island,Aug-06,2413,1725,71.50%,1458,60.40%,84.50%,573,23.70%,33.20%,885,36.70%,51.30%,267,11.10%,15.50%,350,14.50%,235,9.70%